{
  "bounds": { 
    "southWest": [40.979960, 43.681235],
    "northEast": [56.218968, 89.735918]
  }
}


